INSERT INTO Alimento (nombre, calorias, proteinas, grasas, carbohidratos, categoria, cantidad, tipo, dieta)
VALUES ('Avena con Frutas', 250, 10, 5, 45, 'Desayuno', '1 taza', 'Desayuno', 'Vegano'),
       ('Smoothie Verde', 200, 5, 2, 40, 'Desayuno', '1 vaso', 'Desayuno', 'Vegano'),
       ('Tofu Revuelto', 220, 15, 12, 6, 'Desayuno', '1 taza', 'Desayuno', 'Vegano'),
       ('Yogur de Soja con Granola', 180, 8, 4, 30, 'Desayuno', '1 taza', 'Desayuno', 'Vegano'),
       ('Pan Integral con Aguacate', 300, 8, 15, 35, 'Desayuno', '2 rebanadas', 'Desayuno', 'Vegano'),
       ('Batido de Plátano y Espinaca', 210, 6, 1, 45, 'Desayuno', '1 vaso', 'Desayuno', 'Vegano'),
       ('Chía Pudding', 180, 5, 7, 30, 'Desayuno', '1 taza', 'Desayuno', 'Vegano'),

       ('Tostadas Francesas', 350, 10, 15, 50, 'Desayuno', '2 rebanadas', 'Desayuno', 'Vegetariano'),
       ('Yogur con Frutas y Miel', 250, 9, 4, 40, 'Desayuno', '1 taza', 'Desayuno', 'Vegetariano'),
       ('Huevos Revueltos', 300, 20, 25, 2, 'Desayuno', '2 huevos', 'Desayuno', 'Vegetariano'),
       ('Quesadilla de Espinaca', 320, 15, 15, 35, 'Desayuno', '1 porción', 'Desayuno', 'Vegetariano'),
       ('Tortilla Española', 350, 12, 20, 30, 'Desayuno', '1 porción', 'Desayuno', 'Vegetariano'),
       ('Pancakes con Miel', 400, 8, 10, 60, 'Desayuno', '3 pancakes', 'Desayuno', 'Vegetariano'),
       ('Muffin de Arándano', 220, 4, 9, 35, 'Desayuno', '1 muffin', 'Desayuno', 'Vegetariano'),

       ('Huevos Benedictinos', 400, 22, 30, 18, 'Desayuno', '2 huevos', 'Desayuno', 'omnivoro'),
       ('Bacon y Huevos', 450, 30, 35, 1, 'Desayuno', '2 huevos y 2 tiras', 'Desayuno', 'omnivoro'),
       ('Tostada de Aguacate con Huevo', 300, 12, 14, 30, 'Desayuno', '1 tostada', 'Desayuno', 'omnivoro'),
       ('Batido de Proteína', 250, 25, 5, 20, 'Desayuno', '1 vaso', 'Desayuno', 'omnivoro'),
       ('Sándwich de Huevo y Tocino', 500, 20, 25, 40, 'Desayuno', '1 sándwich', 'Desayuno', 'omnivoro'),
       ('Crepas con Jamón y Queso', 400, 15, 20, 30, 'Desayuno', '2 crepas', 'Desayuno', 'omnivoro'),
       ('Omelette de Verduras', 300, 20, 22, 5, 'Desayuno', '1 porción', 'Desayuno', 'omnivoro');

-- Insertar Almuerzos
INSERT INTO Alimento (nombre, calorias, proteinas, grasas, carbohidratos, categoria, cantidad, tipo, dieta)
VALUES ('Ensalada de Garbanzos', 350, 15, 10, 50, 'Almuerzo', '1 taza', 'Almuerzo', 'Vegano'),
       ('Bowl de Quinoa y Verduras', 400, 14, 8, 60, 'Almuerzo', '1 taza', 'Almuerzo', 'Vegano'),
       ('Tacos de Lentejas', 450, 18, 12, 70, 'Almuerzo', '3 tacos', 'Almuerzo', 'Vegano'),
       ('Sopa de Verduras', 200, 5, 1, 40, 'Almuerzo', '1 taza', 'Almuerzo', 'Vegano'),
       ('Hamburguesa de Frijoles Negros', 350, 20, 5, 55, 'Almuerzo', '1 hamburguesa', 'Almuerzo', 'Vegano'),
       ('Curry de Garbanzos', 380, 15, 10, 55, 'Almuerzo', '1 porción', 'Almuerzo', 'Vegano'),
       ('Stir-Fry de Tofu', 420, 20, 15, 40, 'Almuerzo', '1 taza', 'Almuerzo', 'Vegano'),

       ('Ensalada de Quinoa y Feta', 400, 15, 10, 50, 'Almuerzo', '1 taza', 'Almuerzo', 'Vegetariano'),
       ('Pasta al Pesto', 500, 15, 20, 60, 'Almuerzo', '1 plato', 'Almuerzo', 'Vegetariano'),
       ('Wrap de Verduras y Hummus', 350, 10, 8, 50, 'Almuerzo', '1 wrap', 'Almuerzo', 'Vegetariano'),
       ('Pizza Vegetariana', 600, 25, 25, 70, 'Almuerzo', '1 porción', 'Almuerzo', 'Vegetariano'),
       ('Tortilla de Espinacas', 300, 15, 12, 30, 'Almuerzo', '1 porción', 'Almuerzo', 'Vegetariano'),
       ('Risotto de Champiñones', 450, 18, 10, 60, 'Almuerzo', '1 plato', 'Almuerzo', 'Vegetariano'),
       ('Lasaña Vegetariana', 600, 20, 25, 80, 'Almuerzo', '1 porción', 'Almuerzo', 'Vegetariano'),

       ('Pollo Asado con Verduras', 600, 40, 30, 20, 'Almuerzo', '1 porción', 'Almuerzo', 'omnivoro'),
       ('Tacos de Pollo', 500, 35, 20, 50, 'Almuerzo', '3 tacos', 'Almuerzo', 'omnivoro'),
       ('Pasta con Salsa Boloñesa', 700, 25, 15, 90, 'Almuerzo', '1 plato', 'Almuerzo', 'omnivoro'),
       ('Ensalada César con Pollo', 550, 30, 25, 20, 'Almuerzo', '1 porción', 'Almuerzo', 'omnivoro'),
       ('Arroz Frito con Cerdo', 600, 20, 30, 70, 'Almuerzo', '1 taza', 'Almuerzo', 'omnivoro'),
       ('Sándwich de Pavo', 450, 30, 10, 40, 'Almuerzo', '1 sándwich', 'Almuerzo', 'omnivoro'),
       ('Bowl de Pollo Teriyaki', 650, 35, 25, 80, 'Almuerzo', '1 taza', 'Almuerzo', 'omnivoro');

-- Insertar Meriendas
INSERT INTO Alimento (nombre, calorias, proteinas, grasas, carbohidratos, categoria, cantidad, tipo, dieta)
VALUES ('Batido de Frutas', 150, 3, 1, 35, 'Merienda', '1 vaso', 'Merienda', 'Vegano'),
       ('Galletas de Avena', 200, 5, 7, 30, 'Merienda', '3 galletas', 'Merienda', 'Vegano'),
       ('Hummus con Verduras', 250, 10, 12, 20, 'Merienda', '1 taza', 'Merienda', 'Vegano'),
       ('Frutos Secos Mixtos', 300, 10, 20, 20, 'Merienda', '1/2 taza', 'Merienda', 'Vegano'),
       ('Barra de Granola', 200, 5, 5, 35, 'Merienda', '1 barra', 'Merienda', 'Vegano'),
       ('Palomitas de Maíz', 100, 3, 1, 20, 'Merienda', '1 taza', 'Merienda', 'Vegano'),
       ('Gelatina de Frutas', 80, 2, 0, 20, 'Merienda', '1 porción', 'Merienda', 'Vegano'),

       ('Yogur con Granola', 250, 9, 4, 40, 'Merienda', '1 taza', 'Merienda', 'Vegetariano'),
       ('Tostadas con Mantequilla de Maní', 300, 12, 18, 30, 'Merienda', '2 rebanadas', 'Merienda', 'Vegetariano'),
       ('Frutas con Chocolate', 180, 2, 7, 30, 'Merienda', '1 porción', 'Merienda', 'Vegetariano'),
       ('Mini Quiches de Espinaca', 220, 10, 15, 15, 'Merienda', '2 mini quiches', 'Merienda', 'Vegetariano'),
       ('Cheesecake de Frutos Rojos', 400, 8, 25, 30, 'Merienda', '1 porción', 'Merienda', 'Vegetariano'),
       ('Smoothie de Fresa', 200, 4, 1, 40, 'Merienda', '1 vaso', 'Merienda', 'Vegetariano'),
       ('Pudding de Chía', 180, 5, 9, 30, 'Merienda', '1 taza', 'Merienda', 'Vegetariano'),

       ('Galletas de Chocolate Chip', 250, 3, 12, 35, 'Merienda', '3 galletas', 'Merienda', 'omnivoro'),
       ('Sándwich de Jamón y Queso', 400, 20, 20, 30, 'Merienda', '1 sándwich', 'Merienda', 'omnivoro'),
       ('Batido de Proteína con Plátano', 300, 25, 5, 40, 'Merienda', '1 vaso', 'Merienda', 'omnivoro'),
       ('Nachos con Queso', 400, 10, 25, 30, 'Merienda', '1 porción', 'Merienda', 'omnivoro'),
       ('Tortas de Arroz con Mantequilla', 200, 5, 10, 25, 'Merienda', '3 tortas', 'Merienda', 'omnivoro'),
       ('Galletas de Avena con Pasas', 220, 4, 7, 35, 'Merienda', '2 galletas', 'Merienda', 'omnivoro'),
       ('Smoothie de Mango', 250, 4, 1, 55, 'Merienda', '1 vaso', 'Merienda', 'omnivoro');

-- Insertar Cenas
INSERT INTO Alimento (nombre, calorias, proteinas, grasas, carbohidratos, categoria, cantidad, tipo, dieta)
VALUES ('Ensalada de Espinaca', 200, 5, 1, 40, 'Cena', '1 porción', 'Cena', 'Vegano'),
       ('Sopa de Lentejas', 250, 13, 2, 40, 'Cena', '1 taza', 'Cena', 'Vegano'),
       ('Pasta con Salsa de Tomate', 300, 10, 5, 60, 'Cena', '1 plato', 'Cena', 'Vegano'),
       ('Buddha Bowl', 400, 12, 8, 70, 'Cena', '1 tazón', 'Cena', 'Vegano'),
       ('Verduras Asadas', 180, 4, 8, 25, 'Cena', '1 porción', 'Cena', 'Vegano'),
       ('Curry de Verduras', 350, 10, 15, 40, 'Cena', '1 porción', 'Cena', 'Vegano'),
       ('Tofu al Horno con Especias', 400, 20, 20, 30, 'Cena', '1 porción', 'Cena', 'Vegano'),

       ('Pasta con Salsa Alfredo', 500, 15, 30, 60, 'Cena', '1 plato', 'Cena', 'Vegetariano'),
       ('Ensalada Caprese', 300, 12, 18, 20, 'Cena', '1 porción', 'Cena', 'Vegetariano'),
       ('Tortilla de Papas', 400, 10, 25, 40, 'Cena', '1 porción', 'Cena', 'Vegetariano'),
       ('Pizza Margherita', 600, 25, 30, 70, 'Cena', '1 porción', 'Cena', 'Vegetariano'),
       ('Risotto de Espárragos', 500, 12, 15, 80, 'Cena', '1 plato', 'Cena', 'Vegetariano'),
       ('Tacos de Queso', 350, 18, 22, 30, 'Cena', '2 tacos', 'Cena', 'Vegetariano'),
       ('Bowl de Quinoa y Espinaca', 400, 15, 8, 60, 'Cena', '1 tazón', 'Cena', 'Vegetariano'),

       ('Salmón a la Parrilla', 600, 40, 30, 20, 'Cena', '1 porción', 'Cena', 'omnivoro'),
       ('Pollo al Limón', 500, 35, 20, 30, 'Cena', '1 porción', 'Cena', 'omnivoro'),
       ('Carne Asada', 700, 40, 35, 0, 'Cena', '1 porción', 'Cena', 'omnivoro'),
       ('Tacos de Carne', 600, 30, 25, 40, 'Cena', '3 tacos', 'Cena', 'omnivoro'),
       ('Sopa de Pollo', 350, 20, 10, 30, 'Cena', '1 taza', 'Cena', 'omnivoro'),
       ('Ensalada de Atún', 400, 25, 15, 20, 'Cena', '1 porción', 'Cena', 'omnivoro');


INSERT INTO Usuario (actividad, activo, altura, apellido, edad, email, formula, informacionAdicional, nombre,
                     objetivoSalud, password, peso, preferenciaAlimenticia, restrincionesAlimentarias, rol, sexo)
VALUES ('moderado', true, 175.0, 'Pérez', 25, '123@gmail.com', 'Fórmula de ejemplo', 'Ninguna', 'Juan', 'mantener',
        '123', 70.0, 'vegetariano', 'lácteos', 'USER', 'masculino'),
       ('sedentario', true, 170.0, 'Generico', 30, 'default_user@example.com', 'N/A', 'Usuario por defecto', 'Invitado',
        'mantener', 'default123', 68.0, 'ninguna', 'ninguna', 'USER', 'no especificado');


INSERT INTO Receta (nombre, ingredientes, preparacion, tiempo, calorias, imagen)
VALUES ('Huevo Revueltos', 'Huevos, Sal, Mantequilla',
        'Bate los huevos con una pizca de sal. En una sartén, derrite la mantequilla a fuego medio. Agrega los huevos batidos y revuelve suavemente hasta que estén cocidos, pero aún cremosos.',
        10, 200, 'images/huevo_revuelto.jpg'),
       ('Arroz Blanco', 'Arroz, Agua, Sal',
        'Enjuaga el arroz bajo agua fría. En una olla, añade el arroz, el doble de agua y una pizca de sal. Lleva a ebullición, luego cubre y reduce el fuego. Cocina a fuego lento durante 18-20 minutos, hasta que el agua se haya absorbido.',
        20, 150, 'images/arroz_blanco.jpg'),
       ('Carne Asada', 'Carne de res, Sal, Pimienta',
        'Sazona la carne con sal y pimienta al gusto. Asa a la parrilla o en una sartén caliente durante unos 4-5 minutos por cada lado, dependiendo del grosor, hasta alcanzar el punto deseado.',
        10, 300, 'https://mojo.generalmills.com/api/public/content/KIVwKMkmX0mcxyYnGcQSyA_gmi_hi_res_jpeg.jpeg?v=25af9e9b&t=16e3ce250f244648bef28c5949fb99ff'),
       ('Pasta al Ajo', 'Pasta, Ajo, Aceite de oliva',
        'Cocina la pasta según las instrucciones del paquete. En una sartén, calienta aceite de oliva y añade ajo picado. Sofríe hasta que esté dorado, luego mezcla con la pasta cocida y sirve caliente.',
        15, 400, 'https://encrypted-tbn0.gstatic.com/images?q=tbn:ANd9GcTNTYLflOfFy0kW31nCrdfM95PT6SwHqkzL3A&s'),
       ('Papas Fritas', 'Papas, Aceite, Sal',
        'Pela y corta las papas en tiras. Calienta aceite en una freidora o sartén. Fría las papas en tandas hasta que estén doradas y crujientes. Escurre sobre papel absorbente y espolvorea con sal.',
        25, 350, 'https://encrypted-tbn0.gstatic.com/images?q=tbn:ANd9GcRW43yhTNPGWPkCwRTQQI7Hd6E85WP00Kcj3g&s'),
       ('Tortilla Española', 'Huevos, Papas, Cebolla',
        'Pela y corta las papas en rodajas finas. Sofríe las papas y la cebolla en aceite hasta que estén tiernas. Bate los huevos y mezcla con las papas. Vierte en la sartén y cocina a fuego lento hasta que esté firme por ambos lados.',
        30, 450, 'https://encrypted-tbn2.gstatic.com/images?q=tbn:ANd9GcQ-zMFFa3E9TLpfzmnGze0k1ikH1xice3C7yQAswmKe0o61ft2lu6G4Y5ReDdwn7oezYctE4L6QWZnXnH82Yk5VDT4IjPzvZmqwnpFmHg'),
       ('Arroz con Pollo', 'Arroz, Pollo, Verduras',
        'Sofríe trozos de pollo hasta dorarlos. Agrega arroz y verduras picadas. Añade agua y sazona al gusto. Cocina a fuego lento hasta que el arroz esté tierno y haya absorbido el líquido.',
        40, 500, 'images/arrozCpollo.jpg'),
       ('Ensalada de Atún', 'Atún, Lechuga, Tomate, Mayonesa',
        'En un tazón, mezcla el atún desmenuzado, lechuga picada y tomate en cubos. Añade mayonesa al gusto y mezcla bien. Sirve fresca.',
        10, 250, 'https://encrypted-tbn2.gstatic.com/images?q=tbn:ANd9GcQXK8h7RSK-74Yr_tgcyNI8QrHkTLvGui-7mJSUx-q2DVkU4NzyiR1VVpHkH0oKB75PEx5TD4n5KA60bXJNBzsFk7HxLiCTTSx9-FhdGJk'),
       ('Pasta con Salsa de Tomate', 'Pasta, Tomates, Cebolla, Ajo',
        'Cocina la pasta según las instrucciones. En una sartén, sofríe cebolla y ajo picados, luego agrega tomates triturados. Cocina hasta que espese y mezcla con la pasta cocida.',
        20, 400, 'https://encrypted-tbn0.gstatic.com/images?q=tbn:ANd9GcQjH_kgPG7L5sNl8-uEY6L3ttNTSOTkwkRrxw&s'),
       ('Puré de Papas', 'Papas, Mantequilla, Leche',
        'Pela y corta las papas en trozos. Cocina en agua hirviendo hasta que estén tiernas. Escurre y machaca las papas con mantequilla y leche hasta obtener un puré suave. Sazona al gusto.',
        30, 300, 'https://encrypted-tbn1.gstatic.com/images?q=tbn:ANd9GcTsl45ed-_ipa8Cw-cOTFRGfEjhUK6zBxrnCQ6cUyUbvjfSvnK4GlFqPNSIRnSnqeHlT2CWdU6wKIf8oqEcEhN4iYWC8sWp9muOFUO5GQo'),
       ('Sopa de Verduras', 'Zanahorias, Apio, Cebolla, Caldo de verduras, Sal, Pimienta',
        'Sofríe la cebolla, zanahorias y apio en una olla. Añade el caldo y cocina a fuego medio hasta que las verduras estén tiernas.',
        30, 150, 'https://encrypted-tbn2.gstatic.com/images?q=tbn:ANd9GcQBKNj7TAEzxs0Agr6V70J7PsTZsfZKMOuAuDZFb1d-_lBwTHglNZlP63y7oeR5O8jy_XCjPv-nLQav8P03sNgYMv8LAMgoICWoUrd8Fg'),
       ('Enchiladas de Pollo', 'Tortillas, Pollo desmenuzado, Salsa de tomate, Cebolla, Queso',
        'Rellena las tortillas con pollo y cebolla, cubre con salsa y queso. Hornea a 180°C durante 20 minutos.', 40,
        400, 'https://assets.tmecosys.com/image/upload/t_web767x639/img/recipe/ras/Assets/5FBFFFED-E63C-4B1F-9470-AA301ADDBC7D/Derivates/b13978f1-38a8-43a2-8969-d5ff091efe70.jpg'),
       ('Tacos de Pescado', 'Pescado, Tortillas, Repollo, Salsa, Limón',
        'Cocina el pescado a la parrilla. Sirve en tortillas con repollo y salsa. Exprime limón al gusto.', 25, 350,
        'https://encrypted-tbn0.gstatic.com/images?q=tbn:ANd9GcQWiFM5bLH3u-kUkq-wuDtyPFK4LAXlMmtisg&s'),
       ('Quiche de Espinacas', 'Masa de tarta, Espinacas, Huevos, Queso, Leche',
        'Mezcla espinacas, huevos, queso y leche. Vierte en la masa y hornea a 180°C durante 35 minutos.', 50, 300,
        'https://encrypted-tbn0.gstatic.com/images?q=tbn:ANd9GcSuTKEsDriubDO9Qvv83FbuHG0RabjfgB1edA&s'),
       ('Pollo al Limón', 'Pechugas de pollo, Limón, Ajo, Aceite de oliva, Sal',
        'Marina el pollo con limón, ajo y aceite. Cocina en una sartén hasta dorar por ambos lados.', 25, 350,
        'https://i.blogs.es/2005c1/pollo_limon/450_1000.jpg'),
       ('Hamburguesas Caseras', 'Carne molida, Pan de hamburguesa, Lechuga, Tomate, Cebolla',
        'Forma las hamburguesas y cocínalas a la parrilla o sartén. Sirve en pan con los acompañamientos.', 30, 500,
        'https://encrypted-tbn0.gstatic.com/images?q=tbn:ANd9GcSDumuxNWhnyDA_H8UdEXiYpmYhxSM8YKsOEQ&s'),
       ('Guiso de Lentejas', 'Lentejas, Zanahorias, Cebolla, Ajo, Caldo',
        'Sofríe cebolla y ajo, añade lentejas y caldo. Cocina a fuego lento hasta que las lentejas estén tiernas.', 45,
        250, 'https://encrypted-tbn0.gstatic.com/images?q=tbn:ANd9GcRyeX5i_BCo9O0canTCyQ8A0Fg5SpinDGKcUw&s'),
       ('Tortitas de Avena', 'Avena, Huevo, Leche, Plátano, Canela',
        'Mezcla todos los ingredientes y cocina en una sartén hasta dorar por ambos lados.', 20, 300,
        'https://img-global.cpcdn.com/recipes/9e5a677e148afc6f/1200x630cq70/photo.jpg'),
       ('Curry de Garbanzos', 'Garbanzos, Leche de coco, Curry, Espinacas, Cebolla',
        'Sofríe la cebolla, añade garbanzos y curry. Agrega leche de coco y cocina hasta espesar. Añade espinacas al final.',
        30, 400, 'https://encrypted-tbn0.gstatic.com/images?q=tbn:ANd9GcTIy1n2DDZDk5Mb2woKzj824GHv49beTclc0A&s'),
       ('Brownies de Chocolate', 'Chocolate, Mantequilla, Azúcar, Huevos, Harina',
        'Derrite chocolate y mantequilla. Mezcla con azúcar y huevos, luego añade la harina. Hornea a 180°C por 25 minutos.',
        35, 250, 'https://encrypted-tbn0.gstatic.com/images?q=tbn:ANd9GcR6seFMwtP-dbpIZPuk8n_3OQQ2Xvcs90e2uA&s'),
       ('Arroz a la Cubana', 'Arroz, Huevos, Plátano, Tomate, Aceite',
        'Cocina el arroz como de costumbre. Fría los huevos y el plátano. Sirve el arroz con el huevo y el plátano, y acompaña con salsa de tomate.',
        25, 350, 'https://encrypted-tbn0.gstatic.com/images?q=tbn:ANd9GcRa9eRqvAxcRmWdQa8yVg9YLwREhe9ACrIwNQ&s'),
       ('Arroz de Champiñones', 'Arroz Arborio, Champiñones, Caldo, Cebolla, Queso',
        'Sofríe la cebolla y champiñones, añade el arroz y el caldo poco a poco. Cocina hasta que el arroz esté cremoso. Agrega queso al final.',
        30, 450, 'https://encrypted-tbn0.gstatic.com/images?q=tbn:ANd9GcSlOog9DynRnFxz4XYJGkcFaMeahWAATel0HQ&s'),
       ('Arroz con Leche', 'Arroz, Leche, Azúcar, Canela, Pasas',
        'Cocina el arroz en leche con azúcar y canela. Cocina a fuego lento hasta que espese. Agrega pasas y sirve frío o caliente.',
        40, 300, 'images/arrozLeche.jpg'),
       ('Paella de Mariscos', 'Arroz, Mariscos, Pimiento, Azafrán, Caldo',
        'Sofríe los pimientos y añade el arroz. Agrega los mariscos y el caldo con azafrán. Cocina hasta que el arroz esté tierno.',
        35, 500, 'https://encrypted-tbn0.gstatic.com/images?q=tbn:ANd9GcTYKbvFR8vq1GLs-ggVpnyWofXl10UKfl-log&s'),
       ('Arroz Mexicano', 'Arroz, Tomate, Cebolla, Pimiento, Caldo',
        'Sofríe cebolla y pimiento, agrega el arroz y los tomates triturados. Añade caldo y cocina hasta que el arroz esté cocido.',
        30, 350, 'https://encrypted-tbn0.gstatic.com/images?q=tbn:ANd9GcRNsf5pRUEYPHMz6tapUVNTxFpyG5w-iqiZJg&s'),
       ('Pollo al Curry', 'Pechugas de pollo, Curry, Leche de coco, Cebolla, Espinacas',
        'Sofríe la cebolla, añade el pollo y curry. Agrega leche de coco y espinacas. Cocina hasta que el pollo esté tierno.',
        30, 450, 'https://i.blogs.es/8c3360/pollo_curry/1366_2000.jpg'),
       ('Ensalada César de Pollo', 'Pechugas de pollo, Lechuga, Queso parmesano, Aderezo César',
        'Cocina el pollo a la parrilla y córtalo en tiras. Mezcla con lechuga, queso y aderezo. Sirve frío.', 20, 350,
        'https://encrypted-tbn0.gstatic.com/images?q=tbn:ANd9GcR7t54tSIuM_tRuEmM9umtO4NfNeNRrYuT5Ew&s'),
       ('Sopa de Pollo con Fideos', 'Pollo, Fideos, Zanahoria, Apio, Caldo',
        'Hierve el pollo y desmenúzalo. Agrega fideos, zanahoria y apio al caldo. Cocina hasta que los fideos estén tiernos.',
        40, 300, 'https://encrypted-tbn0.gstatic.com/images?q=tbn:ANd9GcSOTyTFo15yVMgcbeuYFt_y_53MnnHGqhjI6w&s'),
       ('Tikka Masala de Pollo', 'Pechugas de pollo, Yogur, Especias, Tomate, Cebolla',
        'Marina el pollo en yogur y especias. Sofríe cebolla, agrega el pollo y tomate. Cocina hasta que esté cocido.',
        45, 500, 'https://encrypted-tbn0.gstatic.com/images?q=tbn:ANd9GcTrxDfhxKcKIDJ1VyuQXCeCCU5AdBJmwv8Lxw&s'),
       ('Pollo a la Naranja', 'Pechugas de pollo, Jugo de naranja, Ajo, Miel, Salsa de soja',
        'Marina el pollo en jugo de naranja, ajo y miel. Cocina en una sartén hasta dorar y caramelizar.', 30, 400,
        'https://encrypted-tbn0.gstatic.com/images?q=tbn:ANd9GcSDjiTMux65_RplmSswT3beDgstLluqxTMv6Q&s'),
       ('Carne Bistec a la Parrilla', 'Carne, Sal, Pimienta, Aceite',
        'Sazona el bistec con sal y pimienta. Cocina a la parrilla o sartén hasta el punto deseado.', 20, 350,
        'https://www.laylita.com/recetas/wp-content/uploads/2013/06/Filete-de-carne-o-bistec-asado-a-la-parrilla.jpg'),
       ('Estofado de Carne', 'Carne de res, Zanahorias, Cebolla, Caldo, Papas',
        'Sofríe la carne, añade cebolla y zanahorias. Agrega caldo y cocina a fuego lento hasta que esté tierno.', 60,
        400, 'https://www.clarin.com/img/2022/03/22/gVvGZ2Q3f_1200x630__1.jpg'),
       ('Carne al Vino', 'Carne de res, Vino tinto, Cebolla, Zanahorias, Especias',
        'Dora la carne, añade cebolla y zanahorias. Vierte vino y cocina a fuego lento hasta que esté tierno.', 50, 500,
        'https://cdn0.recetasgratis.net/es/posts/3/1/2/carne_al_vino_con_salsa_47213_orig.jpg'),
       ('Chili con Carne', 'Carne molida, Frijoles, Tomate, Cebolla, Especias',
        'Sofríe cebolla y carne, añade tomates y frijoles. Cocina a fuego lento con especias.', 40, 450,
        'https://encrypted-tbn0.gstatic.com/images?q=tbn:ANd9GcS_ExF5e4uH9czWmjw32jHNPKyHlA92rvSSdw&s'),
       ('Kebabs de Carne', 'Carne de res, Especias, Pimiento, Cebolla, Palitos',
        'Corta la carne y vegetales en trozos, sazona y ensarta en palitos. Asa hasta que estén cocidos.', 25, 300,
        'https://i.ytimg.com/vi/9IFCpz3ozOU/sddefault.jpg'),
        ('Avena con Frutas', 'Avena (50g), frutas frescas (100g)', 'Medir 50 gramos de avena y añadir 100 gramos de frutas frescas. Mezclar bien hasta que esté uniforme.', 5, 150, 'https://encrypted-tbn0.gstatic.com/images?q=tbn:ANd9GcSCLVgUmIM_3nch87yeKF5S1OMse5nmHQnK8Q&s'),

        ('Smoothie Verde', 'Espinaca (1 taza), plátano (1 unidad), manzana (1 unidad), agua (200ml)', 'Colocar una taza de espinaca, un plátano pelado y cortado, una manzana picada y 200 ml de agua en la licuadora. Licuar hasta obtener una mezcla homogénea.', 5, 120, 'https://encrypted-tbn0.gstatic.com/images?q=tbn:ANd9GcTLxZf4BZbTHfLqIFSIaaqkaZOM6GW7fb8IcA&s'),

        ('Tofu Revuelto', 'Tofu (200g), espinacas (1 taza), cebolla (50g), especias (al gusto)', 'Cortar 200 gramos de tofu en cubos y saltear con una taza de espinacas frescas y 50 gramos de cebolla picada. Añadir especias al gusto y cocinar hasta que esté bien dorado.', 10, 200, 'https://danzadefogones.com/wp-content/uploads/2019/04/Revuelto-vegano-de-tofu-2.jpg'),

        ('Yogur de Soja con Granola', 'Yogur de soja (200ml), granola (50g), miel (1 cucharada)', 'Mezclar 200 ml de yogur de soja con 50 gramos de granola. Añadir una cucharada de miel y mezclar suavemente.', 5, 180, 'https://www.hola.com/horizon/landscape/c3d3589509d5-bowl-frut-yogsoja-abod-t.jpg?im=Resize=(640),type=downsize'),

        ('Pan Integral con Aguacate', 'Pan integral (1 rebanada), aguacate (50g)', 'Tostar una rebanada de pan integral. Cortar 50 gramos de aguacate y machacarlo antes de extender sobre el pan.', 5, 220, 'https://storage.googleapis.com/avena-recipes/2019/10/1571779978668.jpeg'),

        ('Batido de Plátano y Espinaca', 'Plátano (1 unidad), espinaca (1 taza), leche vegetal (200ml)', 'Colocar un plátano, una taza de espinaca fresca y 200 ml de leche vegetal en una licuadora. Licuar hasta que esté suave y bien mezclado.', 5, 150, 'https://encrypted-tbn0.gstatic.com/images?q=tbn:ANd9GcRJqjM3208pzkwCWpVnYRIdryUMbrXHAPKLVA&s'),

        ('Chía Pudding', 'Chía (2 cucharadas), leche de almendras (150ml), miel (1 cucharadita)', 'Mezclar dos cucharadas de chía con 150 ml de leche de almendras y una cucharadita de miel. Refrigerar por varias horas hasta que la mezcla adquiera una consistencia gelatinosa.', 10, 170, 'https://deliciaskitchen.b-cdn.net/wp-content/uploads/2015/07/pudin-de-chia-chia-pudding.jpg'),

        ('Tostadas Francesas', 'Pan (2 rebanadas), huevos (1 unidad), leche (50ml), canela (1 pizca)', 'Batir un huevo con 50 ml de leche y una pizca de canela. Sumergir las rebanadas de pan en la mezcla y freír en una sartén caliente hasta que estén doradas.', 10, 250, 'https://cdn.elcocinerocasero.com/imagen/receta/1200/2023-02-24-20-41-28/tostadas-francesas.jpeg'),

        ('Yogur con Frutas y Miel', 'Yogur (200g), frutas (100g), miel (1 cucharada)', 'Mezclar 200 gramos de yogur con 100 gramos de frutas picadas. Añadir una cucharada de miel y mezclar nuevamente.', 5, 180, 'https://encrypted-tbn0.gstatic.com/images?q=tbn:ANd9GcSn2YTDyyzpD4yncDlIW1QoF6C7ApOzR-r6NA&s'),

        ('Huevos Revueltos', 'Huevos (2 unidades), mantequilla (10g), sal (al gusto)', 'Batir dos huevos y añadir sal al gusto. Derretir 10 gramos de mantequilla en una sartén y cocinar los huevos hasta que estén revueltos y cocidos.', 5, 200, 'https://encrypted-tbn0.gstatic.com/images?q=tbn:ANd9GcQtk5PKkB_em6kielOm20R8bE0Kwj1y2fpuqg&s'),

        ('Quesadilla de Espinaca', 'Tortilla (1 unidad), espinaca (1/2 taza), queso (50g)', 'Colocar media taza de espinaca y 50 gramos de queso rallado en el centro de la tortilla. Calentar en una sartén hasta que el queso se derrita.', 10, 250, 'https://images.cookforyourlife.org/wp-content/uploads/2021/12/Spinach-Quesadilla.jpg'),

        ('Tortilla Española', 'Papas (200g), cebolla (50g), huevos (2 unidades)', 'Freír 200 gramos de papas peladas y cortadas en rodajas junto con 50 gramos de cebolla picada. Batir los huevos y mezclar con las papas y cebolla, luego cocinar en una sartén.', 15, 300, 'Thttps://mojo.generalmills.com/api/public/content/9xIHKwJDH0-1wbHPsVCCVQ_gmi_hi_res_jpeg.jpeg?v=2bfc22c6&t=16e3ce250f244648bef28c5949fb99ff'),

        ('Pancakes con Miel', 'Harina (100g), leche (100ml), huevos (1 unidad), miel (1 cucharada)', 'Mezclar 100 gramos de harina, 100 ml de leche y un huevo. Cocinar en una sartén hasta que se doren por ambos lados. Servir con miel.', 10, 280, 'https://encrypted-tbn0.gstatic.com/images?q=tbn:ANd9GcQFtgvD_avRKShyMaajVc5qplPfPobfmnS4lA&s'),

        ('Muffin de Arándano', 'Harina (100g), arándanos (50g), azúcar (50g)', 'Mezclar 100 gramos de harina con 50 gramos de arándanos y 50 gramos de azúcar. Hornear en moldes de muffins a 180°C durante 20 minutos.', 20, 220, 'https://www.gourmet.cl/wp-content/uploads/2016/09/Muffins-de-Arandanos-web-570x458.jpg'),

        ('Huevos Benedictinos', 'Huevos (2 unidades), panecillos (1 unidad), jamón (50g), salsa holandesa (30ml)', 'Preparar los huevos pochados y colocarlos sobre un panecillo tostado. Añadir 50 gramos de jamón y cubrir con salsa holandesa.', 15, 350, 'https://i.blogs.es/eb0590/huevos-benedictinos/650_1200.jpg'),

        ('Bacon y Huevos', 'Bacon (50g), huevos (2 unidades), sal (al gusto)', 'Freír 50 gramos de bacon hasta que esté crujiente. Luego, en la misma sartén, cocinar los huevos al gusto con una pizca de sal.', 10, 400, 'https://encrypted-tbn0.gstatic.com/images?q=tbn:ANd9GcTGW_u8Iitq_qOXBgnepDZvH1aIdzAA7y4Gnw&s'),

        ('Tostada de Aguacate con Huevo', 'Aguacate (1/2 unidad), huevo (1 unidad), pan (1 rebanada)', 'Tostar una rebanada de pan. Machacar medio aguacate y cubrir la tostada. Cocinar un huevo y colocarlo sobre el aguacate.', 10, 300, 'https://images.cookforyourlife.org/wp-content/uploads/2021/12/AvocadoToastWithEgg.jpg'),

        ('Batido de Proteína', 'Proteína en polvo (1 cucharada), leche vegetal (200ml)', 'Mezclar una cucharada de proteína en polvo con 200 ml de leche vegetal en una licuadora hasta obtener un batido homogéneo.', 5, 200, 'https://cloudfront-us-east-1.images.arcpublishing.com/infobae/AJRAFLFQSNBNPM2PO2T673DXM4.jpg '),

        ('Sándwich de Huevo y Tocino', 'Huevo (1 unidad), tocino (50g), pan (2 rebanadas)', 'Freír el tocino y cocinar el huevo al gusto. Armar el sándwich con el tocino, el huevo y las rebanadas de pan.', 10, 350, 'https://encrypted-tbn0.gstatic.com/images?q=tbn:ANd9GcT6GTNySdlifIOQWCD_S2-CtQfsSZGR_-y8cA&s'),

        ('Crepas con Jamón y Queso', 'Crepas (2 unidades), jamón (50g), queso (50g)', 'Rellenar las crepas con 50 gramos de jamón y 50 gramos de queso. Calentar en una sartén hasta que el queso se derrita.', 15, 400, 'https://www.antojoentucocina.com/wp-content/uploads/2022/09/crepe-jamon-y-queso-2-2-scaled.jpg'),

        ('Omelette de Verduras', 'Huevos (2 unidades), espinacas (1/2 taza), pimientos (50g)', 'Batir los huevos y añadir media taza de espinacas frescas y 50 gramos de pimientos picados. Cocinar en una sartén hasta que el omelette esté cocido por completo.', 10, 250, 'https://mejorconsalud.as.com/wp-content/uploads/2018/03/Receta-para-preparar-omelette-de-verduras.png'),
        ('Ensalada de Garbanzos', 'Garbanzos cocidos (200g), tomate (1 unidad), pepino (1 unidad), cebolla morada (1/2 unidad), aceite de oliva (15ml), limón (1 unidad), sal y pimienta al gusto', 'Mezclar los garbanzos cocidos con el tomate picado, pepino en rodajas, cebolla morada en tiras finas, aderezar con aceite de oliva, jugo de limón, sal y pimienta al gusto.', 10, 180, 'https://encrypted-tbn0.gstatic.com/images?q=tbn:ANd9GcTH0uZpOkKgnFyYTCqSpYKBqkhZ-EBY7cMhZg&s'),
        ('Bowl de Quinoa y Verduras', 'Quinoa (100g), brócoli (100g), zanahoria (1 unidad), aguacate (1 unidad), aceite de oliva (10ml), sal y pimienta al gusto', 'Cocer la quinoa, luego mezclar con el brócoli al vapor, zanahoria rallada y aguacate picado. Aderezar con aceite de oliva, sal y pimienta.', 15, 300, 'https://i.blogs.es/d41ccb/quinoa-verduras/650_1200.jpg'),
        ('Tacos de Lentejas', 'Lentejas cocidas (150g), tortillas (2 unidades), cebolla morada (1/4 unidad), pimientos (1 unidad), especias (comino, pimentón, cilantro)', 'Cocinar las lentejas con cebolla y pimientos picados, añadir especias al gusto, luego armar los tacos con las tortillas.', 20, 350, 'https://encrypted-tbn0.gstatic.com/images?q=tbn:ANd9GcRcTm7pNUFgeTPnj-_qvP5ylfmHo35dNpBHGw&s'),
        ('Sopa de Verduras', 'Verduras variadas (zanahorias, papas, apio, cebolla, 300g en total), caldo de verduras (500ml), sal y pimienta al gusto', 'Cocer las verduras con el caldo de verduras hasta que estén tiernas, aderezar con sal y pimienta al gusto.', 30, 200, 'https://img-global.cpcdn.com/recipes/2077380_0f60311d87761794/1200x630cq70/photo.jpg'),
        ('Hamburguesa de Frijoles Negros', 'Frijoles negros cocidos (200g), pan rallado (30g), especias (comino, ajo en polvo, cilantro), pan de hamburguesa (1 unidad), lechuga, tomate', 'Formar las hamburguesas con los frijoles negros triturados y el pan rallado, añadir especias al gusto. Cocinar y servir en pan de hamburguesa con lechuga y tomate.', 20, 250, 'https://encrypted-tbn0.gstatic.com/images?q=tbn:ANd9GcSVztb-ILvLDPYA1ewNykbgNB0aRiFN0Y7UHQ&s'),
        ('Curry de Garbanzos', 'Garbanzos cocidos (200g), leche de coco (200ml), pasta de curry (30g), cebolla (1 unidad), espinacas (100g)', 'Cocer los garbanzos con la cebolla picada, añadir leche de coco y pasta de curry. Cocinar hasta que espese, luego añadir las espinacas y mezclar.', 20, 350, 'https://encrypted-tbn0.gstatic.com/images?q=tbn:ANd9GcSO6_2tGBn2prRC8plz-xZEUkJNjpvnArzN_g&s'),
        ('Stir-Fry de Tofu', 'Tofu firme (200g), brócoli (100g), zanahorias (1 unidad), salsa de soya (30ml), aceite de sésamo (10ml)', 'Saltear el tofu en trozos con las verduras, añadir salsa de soya y aceite de sésamo al gusto, cocinar hasta que todo esté dorado y bien mezclado.', 15, 280, 'https://encrypted-tbn0.gstatic.com/images?q=tbn:ANd9GcQa6mHVBWP7U8Luxew8ERTXsUR2gz--dwtPKA&s'),
        ('Ensalada de Quinoa y Feta', 'Quinoa (100g), queso feta (50g), pepino (1 unidad), tomate (1 unidad), aceite de oliva (15ml), limón (1 unidad)', 'Cocer la quinoa y mezclar con el pepino y tomate picados, agregar queso feta desmenuzado, aderezar con aceite de oliva y jugo de limón.', 10, 220, 'https://encrypted-tbn0.gstatic.com/images?q=tbn:ANd9GcSqrygsoKTla2hjmtKQHMx2dh0QJs5WG9xr3Q&s'),
        ('Pasta al Pesto', 'Pasta (100g), albahaca fresca (20g), piñones (20g), ajo (1 diente), queso parmesano (30g), aceite de oliva (30ml)', 'Cocer la pasta y mezclar con pesto preparado a base de albahaca, piñones, ajo y aceite de oliva. Añadir queso parmesano rallado.', 15, 400, 'https://www.lavanguardia.com/files/og_thumbnail/uploads/2020/05/29/5ed11fb61d750.jpeg'),
        ('Wrap de Verduras y Hummus', 'Tortilla integral (1 unidad), hummus (50g), zanahoria (1 unidad), pepino (1 unidad), lechuga (2 hojas)', 'Rellenar la tortilla con hummus, zanahoria rallada, pepino en tiras y hojas de lechuga. Enrollar el wrap.', 10, 250, 'https://encrypted-tbn0.gstatic.com/images?q=tbn:ANd9GcS4vstHkMlAVHtqIMiQhG7molZZGgJfT7EzTQ&s'),
        ('Pizza Vegetariana', 'Masa de pizza (200g), tomate (1 unidad), queso mozzarella (100g), vegetales variados (pimientos, cebolla, champiñones, 150g)', 'Preparar la masa de pizza, cubrir con tomate picado, queso mozzarella y vegetales. Hornear hasta dorar.', 20, 500, 'https://encrypted-tbn0.gstatic.com/images?q=tbn:ANd9GcRs4XAgtdlauiPB32pHIi7uIL8wC-cfD7m7Uw&s'),
        ('Tortilla de Espinacas', 'Espinacas (150g), huevos (3 unidades), queso rallado (30g)', 'Cocinar las espinacas en una sartén y añadir los huevos batidos, luego espolvorear con queso rallado y cocinar hasta que cuaje.', 10, 220, 'https://s1.elespanol.com/2019/10/24/cocinillas/recetas/verduras/espinacas-huevo-cebolla_439217355_136085251_1706x960.jpg'),
        ('Risotto de Champiñones', 'Arroz arborio (100g), champiñones (150g), caldo de verduras (500ml), cebolla (1 unidad), queso parmesano (30g)', 'Sofreír la cebolla, añadir el arroz y poco a poco incorporar el caldo caliente. Cuando el arroz esté cocido, añadir los champiñones y queso parmesano rallado.', 20, 300, 'https://d36fw6y2wq3bat.cloudfront.net/recipes/risotto-de-champinones/900/risotto-de-champinones_version_1652877863.jpg'),
        ('Lasaña Vegetariana', 'Pasta para lasaña (200g), tomate (2 unidades), espinacas (200g), queso mozzarella (100g), queso ricotta (100g)', 'Preparar la lasaña alternando capas de pasta, tomate triturado, espinacas y quesos. Hornear hasta dorar.', 40, 500, 'https://encrypted-tbn0.gstatic.com/images?q=tbn:ANd9GcSI4CkniNkbehgWseVPfHFvxV9WrcWb6j4M2Q&s'),
        ('Pollo Asado con Verduras', 'Pollo (500g), papas (300g), zanahorias (200g), cebolla (1 unidad), aceite de oliva (20ml), hierbas aromáticas (romero, tomillo)', 'Asar el pollo con las papas, zanahorias y cebolla, aderezado con aceite de oliva y hierbas aromáticas, hasta que todo esté bien dorado.', 60, 600, 'https://www.hola.com/horizon/landscape/09166099bb70-pollo-al-horno1-t.jpg'),
        ('Tacos de Pollo', 'Pollo (200g), tortillas (2 unidades), especias (pimentón, comino, ajo en polvo)', 'Cocinar el pollo con las especias y desmenuzar. Rellenar las tortillas con el pollo y acompañar con los ingredientes deseados.', 15, 350, 'https://encrypted-tbn0.gstatic.com/images?q=tbn:ANd9GcRQ-Whgn1XxyisoxIvExrmsU0FAxWu3zLjykQ&s'),
        ('Pasta con Salsa Boloñesa', 'Pasta (100g), carne molida (150g), tomate (2 unidades), cebolla (1 unidad), ajo (1 diente)', 'Cocer la pasta y preparar la salsa boloñesa con carne molida, tomate triturado, cebolla y ajo picado. Mezclar con la pasta.', 30, 450, 'https://img-global.cpcdn.com/recipes/763bfee9876f62c9/1200x630cq70/photo.jpg'),
        ('Ensalada César con Pollo', 'Lechuga romana (100g), pollo (150g), queso parmesano (30g), aderezo César (30ml)', 'Mezclar la lechuga con el pollo cocido y cortado en tiras, añadir queso parmesano rallado y aderezar con salsa César.', 15, 350, 'https://encrypted-tbn0.gstatic.com/images?q=tbn:ANd9GcRFhstVnMOlyRg7mFRXAwHxsP75NdLwgndEXg&s'),
        ('Arroz Frito con Cerdo', 'Arroz (150g), cerdo (200g), verduras variadas (zanahoria, cebollín, pimientos, 150g en total), salsa de soya (20ml)', 'Freír el arroz con cerdo en trozos y verduras, añadir salsa de soya al gusto. Saltear hasta que todo esté bien mezclado.', 20, 450, 'https://img-global.cpcdn.com/recipes/cbcbe9ea61e9815c/680x482cq70/arroz-frito-con-puerco-asado-foto-principal.jpg'),
        ('Sándwich de Pavo', 'Pavo (100g), pan integral (2 rebanadas), lechuga (2 hojas), tomate (1 unidad)', 'Armar el sándwich con el pavo, lechuga y tomate en el pan integral.', 5, 250, 'https://storage.googleapis.com/avena-recipes/agtzfmF2ZW5hLWJvdHIZCxIMSW50ZXJjb21Vc2VyGICAoILvw_0JDA/30-11-2020/1606709202921.jpeg'),
        ('Bowl de Pollo Teriyaki', 'Pollo (200g), arroz (100g), salsa teriyaki (30ml), brócoli (100g)', 'Cocer el pollo y servir sobre arroz cocido, añadir salsa teriyaki y brócoli al vapor como acompañante.', 15, 400, 'https://encrypted-tbn0.gstatic.com/images?q=tbn:ANd9GcQGqL3QfvYyvCdAyCEW3uROnZTTQhgIvWJtIw&s'),
        ('Batido de Frutas', 'Frutas (200g), jugo natural (200ml)', 'Este batido es perfecto para un desayuno rápido o como snack. Se licúan las frutas de tu elección, como fresas, plátano y mango, con jugo natural de naranja o limón. Puedes añadir un poco de miel si prefieres un toque más dulce. Es una opción fresca y saludable.', 5, 150, 'https://encrypted-tbn0.gstatic.com/images?q=tbn:ANd9GcQsiNzvol3Ta_rLTUbdCrrrFOmNOsQosVRDPg&s'),
        ('Galletas de Avena', 'Avena (100g), azúcar (50g), mantequilla (100g), pasas (50g)', 'Estas galletas son ideales para un snack lleno de energía. Se mezclan la avena, el azúcar, la mantequilla derretida y las pasas, y se hornean hasta que estén doradas. Son perfectas para acompañar con un té o café.', 15, 180, 'https://encrypted-tbn0.gstatic.com/images?q=tbn:ANd9GcSFdU-Ieh1xZ0cptZDacta3vXdP_GMugP-pSg&s'),
        ('Hummus con Verduras', 'Hummus (150g), zanahoria (50g), pepino (50g), apio (50g)', 'Este plato es ideal como entrada o para picar entre horas. El hummus se sirve junto a verduras frescas como zanahoria, pepino y apio, que puedes cortar en tiras o rodajas. Es una opción nutritiva y sabrosa.', 5, 100, 'https://encrypted-tbn0.gstatic.com/images?q=tbn:ANd9GcQtuIdOTdtC2LHedYzUIZxurfg_fBHtvvGThA&s'),
        ('Frutos Secos Mixtos', 'Almendras (50g), nueces (50g), pistachos (50g)', 'Una mezcla perfecta de frutos secos para disfrutar en cualquier momento del día. Solo debes mezclar almendras, nueces y pistachos en una taza o recipiente. Son ideales como snack energético y saludable.', 5, 250, 'https://mediadorsrl.com.ar/wp-content/uploads/2019/05/mix-frutos-secos-desecados.jpg'),
        ('Barra de Granola', 'Avena (100g), miel (50g), frutos secos (50g), semillas (30g)', 'Para preparar estas barras de granola, mezclar la avena, la miel, los frutos secos y las semillas. Hornear la mezcla hasta que quede crujiente y dorada. Es un excelente snack para llevar o disfrutar en el desayuno.', 20, 200, 'https://encrypted-tbn0.gstatic.com/images?q=tbn:ANd9GcTXGHMezIWerGHYmRnMUPYdAIgmqH4KKpxvWw&s'),
        ('Palomitas de Maíz', 'Maíz (50g), aceite (10ml)', 'Prepara palomitas frescas en casa con solo dos ingredientes. Calienta el aceite en una sartén y agrega los granos de maíz hasta que exploten. Es un snack ligero y bajo en calorías.', 10, 100, 'https://i.blogs.es/95022d/palomitas2-1/840_560.jpg'),
        ('Tortilla de Papas', 'Papas (200g), huevos (2), cebolla (50g)', 'Una receta clásica y deliciosa. Se fríen las papas con cebolla en aceite caliente, se mezclan con los huevos batidos y se cocina todo junto hasta que esté bien cocido. Ideal para una comida rápida y sustanciosa.', 15, 300, 'https://encrypted-tbn0.gstatic.com/images?q=tbn:ANd9GcShVXHUXR9NLqhcCVUJ2uWPLknuIzNbtVpbqw&s'),
        ('Sopa de Tomate', 'Tomates (300g), caldo (200ml), cebolla (50g)', 'Esta sopa es reconfortante y fácil de preparar. Se cocinan los tomates con cebolla y caldo, luego se licúa todo hasta obtener una textura suave. Es ideal para un día frío o como entrada.', 20, 200, 'https://encrypted-tbn0.gstatic.com/images?q=tbn:ANd9GcSLyAvy2aouuURRBpXnCx4PxRl43OZPa4otbg&s'),
        ('Yogur con Granola', 'Yogur (150g), granola (50g)', 'Este es un desayuno rápido y saludable. Simplemente mezcla el yogur con la granola y disfruta. Puedes añadir frutas frescas para darle un toque extra de sabor y frescura.', 5, 180, 'https://encrypted-tbn0.gstatic.com/images?q=tbn:ANd9GcRcuXbAHYgWNa6N667oKCuE94SjgzL9s7XA1A&s'),
        ('Tostadas con Mantequilla de Maní', 'Pan (2 rebanadas), mantequilla de maní (30g)', 'Tostar el pan hasta que esté crujiente y untar la mantequilla de maní por encima. Es un desayuno lleno de energía y grasas saludables.', 5, 220, 'https://encrypted-tbn0.gstatic.com/images?q=tbn:ANd9GcSLCv4QmXFO4nflvOOuroZI2EyPyU1MuUlSFA&s'),
        ('Frutas con Chocolate', 'Frutas (200g), chocolate oscuro (50g)', 'Para este delicioso postre, selecciona las frutas de tu preferencia, como fresas o plátano, y sumérgelas en chocolate oscuro derretido. Un bocado dulce y saludable para consentirse.', 10, 180, 'https://encrypted-tbn0.gstatic.com/images?q=tbn:ANd9GcQ-ONG3fkeuq8IELqf2kZg3sVExC-8x4fqOVQ&s'),
        ('Mini Quiches de Espinaca', 'Espinaca (100g), huevos (2), queso (50g), masa (100g)', 'Prepara estos mini quiches como un aperitivo o entrada. Mezcla la espinaca cocida, los huevos, el queso y coloca la mezcla sobre la masa, luego hornea hasta que esté dorado. Es una opción deliciosa y nutritiva.', 25, 280, 'https://encrypted-tbn0.gstatic.com/images?q=tbn:ANd9GcQBS7Wy2_eWi0UpjZNjcAfnFpR3NFiCc7MSEw&s'),
        ('Cheesecake de Frutos Rojos', 'Queso crema (250g), galletas (100g), frutos rojos (100g)', 'Este cheesecake es ideal para ocasiones especiales. Se prepara una base con galletas trituradas, luego se cubre con una mezcla de queso crema y frutos rojos frescos. Un postre cremoso y delicioso.', 60, 450, 'https://encrypted-tbn0.gstatic.com/images?q=tbn:ANd9GcSBwkYgkx6M9_op5bB3sNfEcq8n3lyamuCxXw&s'),
        ('Smoothie de Fresa', 'Fresas (200g), leche (200ml), miel (10g)', 'Para este smoothie, solo debes licuar las fresas con la leche y un toque de miel. Es refrescante y saludable, perfecto para empezar el día o como merienda.', 5, 150, 'https://encrypted-tbn0.gstatic.com/images?q=tbn:ANd9GcQ89FSIhasNRpcIGB1zjXzvatXNgsE8nRiATQ&s'),
        ('Pudding de Chía', 'Chía (30g), leche de almendras (200ml), vainilla (5ml)', 'Mezcla las semillas de chía con leche de almendras y unas gotas de vainilla. Deja reposar la mezcla en la nevera hasta que se forme una consistencia de pudding. Un snack delicioso y nutritivo.', 10, 180, 'https://encrypted-tbn0.gstatic.com/images?q=tbn:ANd9GcSOnGwSXCNEpww10YpT_fMWAL6FAne90NdVKg&s'),
        ('Galletas de Chocolate Chip', 'Harina (150g), chocolate (100g), mantequilla (100g)', 'Estas galletas son perfectas para acompañar con un café o té. Mezcla los ingredientes y hornea hasta que estén doradas y crujientes. Un clásico que nunca falla.', 20, 220, 'https://encrypted-tbn0.gstatic.com/images?q=tbn:ANd9GcSGxh8BD0DA2pXdWttkJ5wnK-5PIfPAUP8B0g&s'),
        ('Sándwich de Jamón y Queso', 'Jamón (100g), queso (50g), pan (2 rebanadas)', 'Un sándwich sencillo y delicioso. Coloca el jamón y el queso entre dos rebanadas de pan, tuéstalo hasta que el queso se derrita y disfruta.', 10, 300, 'https://encrypted-tbn0.gstatic.com/images?q=tbn:ANd9GcSq0deBEgWs5cIhxvJwqnWqAQs_ZY8ALWbtGQ&s'),
        ('Batido de Proteína con Plátano', 'Proteína en polvo (30g), plátano (1), leche vegetal (200ml)', 'Este batido es ideal para después del ejercicio. Se licúan la proteína en polvo, el plátano y la leche vegetal, formando una bebida energética y nutritiva.', 5, 250, 'https://encrypted-tbn0.gstatic.com/images?q=tbn:ANd9GcSjEKOtpbU_e6pnW9tmYstgx80fxk1aybH2ZA&s'),
        ('Nachos con Queso', 'Tortilla de maíz (100g), queso (100g)', 'Este snack es perfecto para ver una película. Calienta las tortillas de maíz y cúbrelas con queso fundido. Un aperitivo crujiente y sabroso.', 10, 350, 'https://okdiario.com/img/2018/02/27/nachos-con-queso.jpg'),
        ('Tortas de Arroz con Mantequilla', 'Tortas de arroz (2), mantequilla (20g)', 'Simple y delicioso, unte mantequilla sobre las tortas de arroz. Es un snack ligero que puedes disfrutar en cualquier momento.', 5, 100, 'https://images.ctfassets.net/90pc6zknij8o/31I429ByN1jPtUw9QjBAWr/0cb78ae4c0a215bb438b040a14676870/Banana___peanut_butter_on_rice_cakes?w=1200&h=630&q=50&fit=fill&f=center'),
        ('Galletas de Avena con Pasas', 'Avena (100g), pasas (50g), azúcar (50g)', 'Estas galletas son una versión saludable y deliciosa de las tradicionales galletas. Se mezclan la avena, las pasas y el azúcar, y luego se hornean. Son perfectas para un snack lleno de energía.', 15, 200, 'https://encrypted-tbn0.gstatic.com/images?q=tbn:ANd9GcRdC_IUoq-ATkLQzo0fqYwkhU0iIkzYPDnCHw&s'),
         ('Smoothie de Mango', 'Mango (200g), leche (250ml), miel (1 cucharada)', 'Pelar el mango, cortarlo en trozos y colocarlo en una licuadora junto con la leche y la miel. Licuar todo hasta obtener una mezcla suave y homogénea.', 5, 150, 'https://encrypted-tbn0.gstatic.com/images?q=tbn:ANd9GcRryggWJFtsCtwuTmWo4PyO_j_0af7PVW1bGA&s'),
            ('Ensalada de Espinaca', 'Espinaca (100g), tomate (1 mediano), pepino (1 pequeño), aderezo (2 cucharadas)', 'Lavar bien las hojas de espinaca, cortar el tomate y el pepino en rodajas. Mezclar todos los ingredientes en un tazón y añadir el aderezo al gusto.', 10, 150, 'https://encrypted-tbn0.gstatic.com/images?q=tbn:ANd9GcSt07IcDxfBhoImv7kS0LZzvz6KlFrkVZgGxg&s'),
            ('Sopa de Lentejas', 'Lentejas (200g), zanahorias (2 medianas), cebolla (1 mediana), ajo (2 dientes), caldo vegetal (1 litro)', 'Pelar y picar las zanahorias y la cebolla. Sofreír la cebolla y el ajo en un poco de aceite hasta que estén dorados. Agregar las lentejas y el caldo vegetal, cocinar por 30 minutos o hasta que las lentejas estén tiernas.', 30, 250, 'https://storage.googleapis.com/avena-recipes/agtzfmF2ZW5hLWJvdHIZCxIMSW50ZXJjb21Vc2VyGICAgIrUpJYKDA/28-04-2020/1588060142433.jpeg'),
            ('Pasta con Salsa de Tomate', 'Pasta (200g), tomate (4 medianos), ajo (2 dientes), albahaca (1 ramita)', 'Cocer la pasta según las indicaciones del paquete. Mientras tanto, sofreír los ajos picados en aceite hasta dorarse. Añadir los tomates picados y cocinar hasta que suelten su jugo. Mezclar la pasta con la salsa de tomate y añadir albahaca fresca al gusto.', 20, 350, 'https://cdn0.recetasgratis.net/es/posts/9/5/6/fideos_con_salsa_de_tomate_41659_600.jpg'),
            ('Buddha Bowl', 'Quinoa (100g), garbanzos (100g), espinaca (50g), aguacate (1/2), vegetales (pimientos, zanahoria, pepino)', 'Cocer la quinoa según las instrucciones. Asar o saltear los garbanzos con especias. Colocar todos los ingredientes en un tazón, agregando aguacate y vegetales frescos. Aderezar con salsa al gusto.', 15, 400, 'https://encrypted-tbn0.gstatic.com/images?q=tbn:ANd9GcSbLJyQVR0ichX_JUVfkMIyV8OrgNgddh2WIQ&s'),
            ('Verduras Asadas', 'Zanahoria (2 medianas), brócoli (200g), pimientos (2 medianos), aceite de oliva (2 cucharadas)', 'Cortar las zanahorias, brócoli y pimientos en trozos. Colocar las verduras en una bandeja de horno, añadir el aceite de oliva y sazonar con sal y pimienta. Asar en el horno a 180°C por 30 minutos.', 30, 180, 'https://cdn.recetasderechupete.com/wp-content/uploads/2020/01/Verduras-al-horno.jpg'),
            ('Curry de Verduras', 'Zanahoria (2 medianas), pimientos (2), papa (1 grande), leche de coco (250ml), curry en polvo (1 cucharadita)', 'Cortar las verduras en trozos. Sofreír las verduras en una sartén con un poco de aceite hasta dorar. Añadir la leche de coco y el curry en polvo, cocer todo a fuego lento hasta que las verduras estén tiernas.', 40, 350, 'https://encrypted-tbn0.gstatic.com/images?q=tbn:ANd9GcRI2DAbA2BhP_JeoCGBRMxNoFfpEhxSJR4WgQ&s'),
            ('Tofu al Horno con Especias', 'Tofu (200g), pimentón (1 cucharadita), ajo en polvo (1/2 cucharadita), orégano (1/2 cucharadita)', 'Cortar el tofu en cubos. Marinar el tofu con pimentón, ajo en polvo y orégano. Colocar los cubos en una bandeja para horno y hornear a 200°C durante 25 minutos, hasta que estén dorados.', 25, 400, 'https://encrypted-tbn0.gstatic.com/images?q=tbn:ANd9GcTgYmF5wy5VsVAnZHBUKRnuctInQQ5KjyIOnA&s'),
            ('Pasta con Salsa Alfredo', 'Pasta (200g), crema (200ml), queso parmesano (50g), ajo (2 dientes)', 'Cocer la pasta según las indicaciones. Mientras tanto, sofreír el ajo en crema, agregar el queso parmesano y cocinar a fuego bajo hasta que espese. Mezclar con la pasta cocida.', 20, 500, 'https://i0.wp.com/cremigal.com/wp-content/uploads/2020/06/pasta_con_salsa_alfredo.jpg?fit=806%2C453&ssl=1'),
            ('Ensalada Caprese', 'Tomate (2 medianos), mozzarella (100g), albahaca (1 ramita), aceite de oliva (2 cucharadas)', 'Cortar el tomate y la mozzarella en rodajas. Alternar las rodajas de tomate y mozzarella en un plato, agregar hojas de albahaca y rociar con aceite de oliva.', 10, 300, 'https://i.blogs.es/2d572b/caprese/840_560.jpg'),
            ('Tortilla de Papas', 'Papas (500g), huevos (4), cebolla (1 mediana), sal (al gusto)', 'Pelar y cortar las papas en rodajas finas. Freír las papas y la cebolla en una sartén con aceite hasta dorarse. Batir los huevos con sal y mezclar con las papas, luego cocinar a fuego bajo hasta cuajar.', 30, 400, 'https://encrypted-tbn0.gstatic.com/images?q=tbn:ANd9GcTPayI141TeskWeLfCk2reoaOwBQmRHzznADw&s'),
            ('Pizza Margherita', 'Masa (1 base), tomate (2 medianos), mozzarella (150g), albahaca (1 ramita)', 'Extender la masa de pizza y cubrir con rodajas de tomate y mozzarella. Hornear a 200°C por 15 minutos. Agregar hojas de albahaca fresca antes de servir.', 15, 600, 'https://encrypted-tbn0.gstatic.com/images?q=tbn:ANd9GcTY7RbPLpeQGEKr-JMLB6L9kRdCTMtUbFJfJw&s'),
            ('Risotto de Espárragos', 'Arroz (200g), espárragos (100g), cebolla (1 mediana), caldo (500ml), queso parmesano (50g)', 'Cocer el arroz en caldo caliente, añadir la cebolla picada y los espárragos troceados. Cocinar a fuego lento, removiendo frecuentemente. Al final, añadir queso parmesano rallado.', 35, 500, 'https://encrypted-tbn0.gstatic.com/images?q=tbn:ANd9GcSzeM-3CA9SKm8rddrsrWAmhgrRk8XYGdewqg&s'),
            ('Tacos de Queso', 'Tortillas (4), queso (100g), lechuga (50g), salsa (al gusto)', 'Rellenar las tortillas con queso, lechuga y salsa. Servir caliente.', 10, 350, 'https://cdn0.recetasgratis.net/es/posts/2/9/4/tacos_dorados_de_jamon_y_queso_55492_600_square.jpg'),
            ('Bowl de Quinoa y Espinaca', 'Quinoa (100g), espinaca (50g), zanahoria (1 mediana), tomate (1 pequeño)', 'Cocer la quinoa según las instrucciones. Colocar la quinoa cocida en un tazón junto con espinaca fresca, zanahoria rallada y rodajas de tomate. Mezclar todo y servir.', 15, 400, 'https://encrypted-tbn0.gstatic.com/images?q=tbn:ANd9GcTMcPwx6Kd1tlncia8QkwMeqis95I59kHzh2w&s'),
            ('Salmón a la Parrilla', 'Salmón (200g), limón (1/2), ajo (2 dientes), aceite de oliva (1 cucharada)', 'Marinar el salmón con ajo picado, limón y aceite de oliva. Cocinar en la parrilla por 20 minutos o hasta que esté dorado y bien cocido.', 20, 600, 'https://encrypted-tbn0.gstatic.com/images?q=tbn:ANd9GcRbKdLsTu7iez1vW0VjfwpMcPUP4CmH06Zqeg&s'),
            ('Pollo al Limón', 'Pollo (300g), limón (1), ajo (2 dientes), hierbas (al gusto)', 'Marinar el pollo con ajo, jugo de limón y hierbas. Cocinar el pollo a la parrilla o al horno hasta que esté dorado y bien cocido.', 30, 500, 'https://encrypted-tbn0.gstatic.com/images?q=tbn:ANd9GcQqvbCSQfXarjgbgyPF1dXVgt7De2dF_BQEBA&s'),
            ('Carne Asada', 'Carne (300g), sal (al gusto), pimienta (al gusto)', 'Sazonar la carne con sal y pimienta. Asar la carne a fuego medio por 25 minutos o hasta que esté cocida al gusto.', 25, 700, 'https://encrypted-tbn0.gstatic.com/images?q=tbn:ANd9GcSrzc4pgNji0pfUqb0CNX8XD8B7XeqsjZ2vHg&s'),
               ('Tacos de Carne', 'Tortillas, carne, lechuga, salsa', 'Rellenar las tortillas con carne y otros ingredientes', 15, 600, 'https://encrypted-tbn0.gstatic.com/images?q=tbn:ANd9GcT_LMuCq2hLl8vHOksGJ4PgG6ywVcgCnbo-pQ&s');




INSERT INTO Ejercicio (categoria, nombre, ubicacion)
VALUES ('Pecho', 'Press Banca', 'ejercicios/press banca.jpg');

INSERT INTO Ejercicio (categoria, nombre, ubicacion)
VALUES ('Abdominales', 'Abdominales en Maquina', 'ejercicios/10004.png'),
       ('Abdominales', 'Abdominales', 'ejercicios/10005.png'),
       ('Piernas', 'Abducciones en Maquina', 'ejercicios/10012.png'),
       ('Piernas', 'Abducciones en Polea', 'ejercicios/10013.png'),
       ('Piernas', 'Aducciones en Maquina', 'ejercicios/10014.png'),
       ('Piernas', 'Aducciones en Polea', 'ejercicios/10015.png'),
       ('Pecho', 'Aperturas con Mancuernas', 'ejercicios/10016.png'),
       ('Pecho', 'Aperturas con Poleas', 'ejercicios/10017.png'),
       ('Pecho', 'Aperturas en Banco Inclinado', 'ejercicios/10018.png'),
       ('Pecho', 'Aperturas en Maquina (Abiertas)', 'ejercicios/10019.png'),
       ('Pecho', 'Aperturas en Maquina (Cerradas)', 'ejercicios/10020.png'),
       ('Abdominales', 'Bicicleta Abdominal', 'ejercicios/10021.png'),
       ('Espalda', 'Buenos Dias', 'ejercicios/10022.png'),
       ('Espalda', 'Colgarse de la Barra', 'ejercicios/10023.png'),
       ('Biceps', 'Curl Bayesian', 'ejercicios/10024.png'),
       ('Biceps', 'Curl de Biceps en Polea Unilateral', 'ejercicios/10030.png'),
       ('Biceps', 'Curl de Biceps en Polea', 'ejercicios/10031.png'),
       ('Biceps', 'Curl de Mesero', 'ejercicios/10032.png'),
       ('Muñeca', 'Curl de Muñeca Prono', 'ejercicios/10033.png'),
       ('Muñeca', 'Curl de Muñeca', 'ejercicios/10034.png'),
       ('Femoral', 'Curl Femoral con Mancuerna', 'ejercicios/10035.png'),
       ('Femoral', 'Curl Femoral de Pie', 'ejercicios/10036.png'),
       ('Femoral', 'Curl Femoral Sentado', 'ejercicios/10037.png'),
       ('Femoral', 'Curl Femoral Tumbado', 'ejercicios/10038.png'),
       ('Biceps', 'Curl Invertido', 'ejercicios/10039.png'),
       ('Biceps', 'Curl Martillo en Polea', 'ejercicios/10040.png'),
       ('Biceps', 'Curl Martillo', 'ejercicios/10041.png'),
       ('Biceps', 'Curl Predicador Unilateral', 'ejercicios/10042.png'),
       ('Biceps', 'Curl Predicador', 'ejercicios/10043.png'),
       ('Biceps', 'Curl Spider', 'ejercicios/10044.png'),
       ('Espalda', 'Dominadas con Lastre', 'ejercicios/10045.png'),
       ('Espalda', 'Dominadas', 'ejercicios/10046.png'),
       ('Pantorrillas', 'Elevacion de Gemelo en Prensa', 'ejercicios/10047.png'),
       ('Pantorrillas', 'Elevacion de Gemelos de Pie en Barra', 'ejercicios/10048.png'),
       ('Abdominales', 'Elevacion de Piernas Tumbado', 'ejercicios/10049.png'),
       ('Pantorrillas', 'Elevacion de Talones Sentado', 'ejercicios/10050.png'),
       ('Pantorrillas', 'Elevaciones Burro para Gemelo', 'ejercicios/10051.png'),
       ('Pantorrillas', 'Elevaciones de Gemelo en Máquina', 'ejercicios/10052.png'),
       ('Abdominales', 'Elevaciones de Pierna', 'ejercicios/10053.png'),
       ('Hombros', 'Elevaciones Frontales a una Mancuerna', 'ejercicios/10054.png'),
       ('Hombros', 'Elevaciones Frontales en Polea', 'ejercicios/10055.png'),
       ('Hombros', 'Elevaciones Frontales', 'ejercicios/10056.png'),
       ('Hombros', 'Elevaciones Laterales a Dos Poleas', 'ejercicios/10057.png'),
       ('Hombros', 'Elevaciones Laterales en Banco', 'ejercicios/10058.png'),
       ('Hombros', 'Elevaciones Laterales en Máquina', 'ejercicios/10059.png'),
       ('Hombros', 'Elevaciones Laterales en Polea', 'ejercicios/10060.png'),
       ('Hombros', 'Elevaciones Laterales', 'ejercicios/10061.png'),
       ('Hombros', 'Elevaciones Posteriores en Polea', 'ejercicios/10063.png'),
       ('Hombros', 'Elevaciones Posteriores', 'ejercicios/10064.png'),
       ('Gluteos', 'Extensión de Cadera en Maquina', 'ejercicios/10065.png'),
       ('Piernas', 'Extension de Cuadriceps Unilateral', 'ejercicios/10066.png'),
       ('Piernas', 'Extension de Cuadriceps', 'ejercicios/10067.png'),
       ('Triceps', 'Extension de Triceps Lateral', 'ejercicios/10068.png'),
       ('Triceps', 'Extension de Triceps Trasnuca con Mancuerna', 'ejercicios/10069.png'),
       ('Triceps', 'Extension de Triceps Trasnuca en Polea Baja', 'ejercicios/10070.png'),
       ('Pecho', 'Flexiones Cerradas', 'ejercicios/10074.png'),
       ('Pecho', 'Flexiones Comunes', 'ejercicios/10075.png'),
       ('Pecho', 'Fondos', 'ejercicios/10076.png'),
       ('Gluteos', 'Hip Thrust', 'ejercicios/10077.png'),
       ('Espalda', 'Jalon al Pecho Neutro', 'ejercicios/10078.png'),
       ('Espalda', 'Jalon al Pecho Supino', 'ejercicios/10079.png'),
       ('Espalda', 'Jalon al Pecho', 'ejercicios/10080.png'),
       ('Espalda', 'Jalon Trasnuca', 'ejercicios/10081.png'),
       ('Espalda', 'Jalon Unilateral', 'ejercicios/10082.png'),
       ('Espalda Baja', 'Lumbares en Banco', 'ejercicios/10083.png'),
       ('Gluteos', 'Patada de Gluteo en Máquina', 'ejercicios/10084.png'),
       ('Gluteos', 'Patada de Gluteo en Polea', 'ejercicios/10085.png'),
       ('Triceps', 'Patada de Triceps en Polea', 'ejercicios/10086.png'),
       ('Triceps', 'Patada de Triceps', 'ejercicios/10087.png'),
       ('Piernas', 'Peso Muerto con Barra Hexagonal', 'ejercicios/10088.png'),
       ('Piernas', 'Peso Muerto con Mancuernas', 'ejercicios/10089.png'),
       ('Piernas', 'Peso Muerto', 'ejercicios/10090.png'),
       ('Espalda', 'Remo Cerrado en Maquina', 'ejercicios/10122.png'),
       ('Espalda', 'Remo Cerrado en Polea', 'ejercicios/10123.png'),
       ('Espalda', 'Remo con Barra en Banco', 'ejercicios/10124.png'),
       ('Espalda', 'Remo con Barra Guiada', 'ejercicios/10125.png'),
       ('Espalda', 'Remo con Barra', 'ejercicios/10126.png'),
       ('Espalda', 'Remo con Mancuerna', 'ejercicios/10127.png'),
       ('Espalda', 'Remo con Mancuernas en Banco', 'ejercicios/10128.png'),
       ('Espalda', 'Remo en Barra "T"', 'ejercicios/10129.png'),
       ('Espalda', 'Remo Parado con Barra', 'ejercicios/10130.png'),
       ('Espalda', 'Remo Supino', 'ejercicios/10131.png'),
       ('Espalda', 'Remo Unilateral', 'ejercicios/10132.png'),
       ('Abdominales', 'Rueda Abdominal', 'ejercicios/10133.png'),
       ('Piernas', 'Sentadilla con Barra', 'ejercicios/10134.png'),
       ('Piernas', 'Sentadilla con Cinturon', 'ejercicios/10135.png'),
       ('Piernas', 'Sentadilla con Mancuerna', 'ejercicios/10136.png'),
       ('Biceps', 'Curl Concentrado', 'ejercicios/10025.png'),
       ('Biceps', 'Curl de Biceps con Barra "W"', 'ejercicios/10026.png'),
       ('Biceps', 'Curl de Biceps con Mancuernas', 'ejercicios/10028.png'),
       ('Biceps', 'Curl de Biceps en Banco', 'ejercicios/10029.png'),
       ('Espalda', 'Pájaros en Maquina', 'ejercicios/10091.png'),
       ('Abdominales', 'Plancha Abdominal', 'ejercicios/10092.png'),
       ('Abdominales', 'Plancha Frontal', 'ejercicios/10093.png'),
       ('Piernas', 'Prensa de Pierna Horizontal', 'ejercicios/10094.png'),
       ('Piernas', 'Prensa de Pierna Vertical', 'ejercicios/10096.png'),
       ('Pecho', 'Press de Banca Cerrado', 'ejercicios/10097.png'),
       ('Pecho', 'Press de Pecho en Maquina', 'ejercicios/10101.png'),
       ('Triceps', 'Press Frances con Mancuerna', 'ejercicios/10102.png'),
       ('Triceps', 'Press Frances', 'ejercicios/10103.png'),
       ('Pecho', 'Press Inclinado con Barra Guiada', 'ejercicios/10104.png'),
       ('Pecho', 'Press Inclinado con Barra', 'ejercicios/10105.png'),
       ('Pecho', 'Press Inclinado con Mancuernas', 'ejercicios/10106.png'),
       ('Hombros', 'Press Militar con Barra', 'ejercicios/10107.png'),
       ('Hombros', 'Press Militar con Mancuernas', 'ejercicios/10108.png'),
       ('Hombros', 'Press Militar en Barra Guiada', 'ejercicios/10109.png'),
       ('Pecho', 'Press Plano con Barra Guiada', 'ejercicios/10111.png'),
       ('Pecho', 'Press Plano con Mancuernas', 'ejercicios/10113.png'),
       ('Pecho', 'Press Svend', 'ejercicios/10114.png'),
       ('Espalda', 'Pull Face', 'ejercicios/10115.png'),
       ('Espalda', 'Pull Over con Mancuerna', 'ejercicios/10116.png'),
       ('Espalda', 'Pull Over en Polea', 'ejercicios/10117.png'),
       ('Espalda', 'Pull Over Unilateral', 'ejercicios/10118.png'),
       ('Espalda', 'Remo al Cuello', 'ejercicios/10119.png'),
       ('Piernas', 'Sentadilla en Barra Guiada', 'ejercicios/10137.png'),
       ('Piernas', 'Sentadilla Frontal con Mancuernas', 'ejercicios/10138.png'),
       ('Piernas', 'Sentadilla Frontal', 'ejercicios/10139.png'),
       ('Piernas', 'Sentadilla Hack', 'ejercicios/10140.png'),
       ('Piernas', 'Sentadilla Pendular', 'ejercicios/10141.png'),
       ('Piernas', 'Set-Up', 'ejercicios/10142.png'),
       ('Trapecio', 'Trapecio con Barra Hexagonal', 'ejercicios/10143.png'),
       ('Trapecio', 'Trapecio con Barra', 'ejercicios/10144.png'),
       ('Trapecio', 'Trapecio con Mancuernas', 'ejercicios/10145.png'),
       ('Pecho', 'Press Banca', 'ejercicios/press banca.jpg');

INSERT INTO RegistroEjercicio (nombreRutina, descanso, dia, series, repeticiones, ejercicio_id, usuario_id)
VALUES
('Torso Pierna', 2.30, 'Viernes', 4, 10, 123, 1),
('Torso Pierna', 2.30, 'Viernes', 4, 12, 101, 1),
('Torso Pierna', 2.30, 'Viernes', 4, 15, 97, 1),
('Torso Pierna', 2.30, 'Viernes', 4, 15, 104, 1),
('Torso Pierna', 2.30, 'Viernes', 4, 10, 84, 1),
('Torso Pierna', 2.30, 'Viernes', 3, 12, 86, 1),
('Torso Pierna', 2.30, 'Jueves', 4, 10, 123, 1),
('Torso Pierna', 2.30, 'Jueves', 4, 12, 101, 1),
('Torso Pierna', 2.30, 'Jueves', 4, 10, 96, 1),
('Torso Pierna', 2.30, 'Jueves', 4, 15, 50, 1),
('Torso Pierna', 2.30, 'Jueves', 3, 15, 55, 1),
('Torso Pierna', 2.30, 'Jueves', 3, 12, 59, 1),
('Torso Pierna', 2.30, 'Martes', 4, 10, 123, 1),
('Torso Pierna', 2.30, 'Martes', 4, 12, 101, 1),
('Torso Pierna', 2.30, 'Martes', 4, 15, 90, 1),
('Torso Pierna', 2.30, 'Martes', 4, 10, 104, 1),
('Torso Pierna', 2.00, 'Martes', 3, 12, 100, 1),
('Torso Pierna', 2.00, 'Martes', 3, 15, 110, 1),
('Torso Pierna', 2.00, 'Lunes', 4, 10, 123, 1),
('Torso Pierna', 2.30, 'Lunes', 4, 12, 101, 1),
('Torso Pierna', 2.00, 'Lunes', 4, 10, 77, 1),
('Torso Pierna', 1.30, 'Lunes', 4, 10, 104, 1),
('Torso Pierna', 1.00, 'Lunes', 3, 15, 46, 1),
('Torso Pierna', 1.30, 'Lunes', 3, 12, 109, 1);







INSERT INTO RegistroEjercicio (nombreRutina, descanso, dia, series, repeticiones, ejercicio_id, usuario_id)
VALUES
-- Pecho y Biceps - Lunes
('Pecho y Biceps', 1.30, 'Lunes', 4, 12, 97, 1),  -- Press de Pecho en Maquina
('Pecho y Biceps', 1.30, 'Lunes', 4, 10, 89, 1),  -- Curl de Biceps con Mancuernas
('Pecho y Biceps', 1.30, 'Lunes', 3, 8, 101, 1),  -- Press Inclinado con Barra
('Pecho y Biceps', 1.30, 'Lunes', 4, 12, 88, 1),  -- Curl de Biceps con Barra "W"
-- Pecho y Biceps - Martes
('Pecho y Biceps', 1.30, 'Martes', 3, 15, 97, 1),  -- Press de Pecho en Maquina
('Pecho y Biceps', 1.00, 'Martes', 4, 10, 89, 1),  -- Curl de Biceps con Mancuernas
('Pecho y Biceps', 1.30, 'Martes', 3, 12, 104, 1), -- Press Militar con Mancuernas
('Pecho y Biceps', 1.30, 'Martes', 4, 10, 88, 1),  -- Curl de Biceps con Barra "W"
-- Pecho y Biceps - Miércoles
('Pecho y Biceps', 2.00, 'Miércoles', 4, 12, 97, 1), -- Press de Pecho en Maquina
('Pecho y Biceps', 1.30, 'Miércoles', 3, 8, 101, 1), -- Press Inclinado con Barra
('Pecho y Biceps', 1.30, 'Miércoles', 3, 15, 88, 1), -- Curl de Biceps con Barra "W"
('Pecho y Biceps', 1.00, 'Miércoles', 4, 10, 56, 1), -- Flexiones Comunes
-- Pecho y Biceps - Jueves
('Pecho y Biceps', 1.30, 'Jueves', 4, 10, 89, 1),  -- Curl de Biceps con Mancuernas
('Pecho y Biceps', 1.30, 'Jueves', 3, 12, 104, 1), -- Press Militar con Mancuernas
('Pecho y Biceps', 1.30, 'Jueves', 3, 8, 101, 1),  -- Press Inclinado con Barra
('Pecho y Biceps', 1.30, 'Jueves', 3, 12, 104, 1), -- Press Militar con Mancuernas

-- Pecho y Biceps - Viernes
('Pecho y Biceps', 1.30, 'Viernes', 3, 15, 97, 1),  -- Press de Pecho en Maquina
('Pecho y Biceps', 1.00, 'Viernes', 4, 10, 89, 1),  -- Curl de Biceps con Mancuernas
('Pecho y Biceps', 1.30, 'Viernes', 3, 12, 104, 1), -- Press Militar con Mancuernas
('Pecho y Biceps', 1.30, 'Viernes', 4, 10, 88, 1),  -- Curl de Biceps con Barra "W"
-- Pecho y Biceps - Sábado
('Pecho y Biceps', 1.30, 'Sábado', 4, 12, 97, 1),  -- Press de Pecho en Maquina
('Pecho y Biceps', 1.30, 'Sábado', 4, 10, 89, 1),  -- Curl de Biceps con Mancuernas
('Pecho y Biceps', 1.30, 'Sábado', 3, 8, 101, 1),  -- Press Inclinado con Barra
('Pecho y Biceps', 1.30, 'Sábado', 4, 12, 88, 1),  -- Curl de Biceps con Barra "W"


-- Espalda y Triceps - Lunes
('Espalda y Triceps', 2.00, 'Lunes', 4, 15, 74, 1),  -- Remo con Barra en Banco
('Espalda y Triceps', 1.30, 'Lunes', 4, 12, 67, 1),  -- Patada de Triceps en Polea
('Espalda y Triceps', 1.30, 'Lunes', 4, 12, 72, 1),  -- Remo Cerrado en Maquina
('Espalda y Triceps', 1.15, 'Lunes', 4, 10, 61, 1),  -- Jalon al Pecho
-- Espalda y Triceps - Martes
('Espalda y Triceps', 2.00, 'Martes', 4, 12, 72, 1),  -- Remo Cerrado en Maquina
('Espalda y Triceps', 1.45, 'Martes', 3, 10, 61, 1),  -- Jalon al Pecho
('Espalda y Triceps', 1.30, 'Martes', 4, 15, 67, 1),  -- Patada de Triceps en Polea
('Espalda y Triceps', 1.30, 'Martes', 4, 12, 63, 1),  -- Jalon Unilateral
-- Espalda y Triceps - Miércoles
('Espalda y Triceps', 2.00, 'Miércoles', 4, 15, 74, 1),  -- Remo con Barra en Banco
('Espalda y Triceps', 1.30, 'Miércoles', 4, 12, 67, 1),  -- Patada de Triceps en Polea
('Espalda y Triceps', 1.30, 'Miércoles', 4, 12, 72, 1),  -- Remo Cerrado en Maquina
('Espalda y Triceps', 1.15, 'Miércoles', 4, 10, 61, 1),  -- Jalon al Pecho
-- Espalda y Triceps - Jueves
('Espalda y Triceps', 1.30, 'Jueves', 4, 15, 72, 1), -- Remo Cerrado en Maquina
('Espalda y Triceps', 1.30, 'Jueves', 4, 12, 63, 1), -- Jalon Unilateral
('Espalda y Triceps', 1.00, 'Jueves', 3, 12, 75, 1), -- Remo con Barra Guiada
('Espalda y Triceps', 1.15, 'Jueves', 4, 10, 68, 1), -- Patada de Triceps
-- Espalda y Triceps - Viernes
('Espalda y Triceps', 2.00, 'Viernes', 4, 15, 74, 1),  -- Remo con Barra en Banco
('Espalda y Triceps', 1.30, 'Viernes', 4, 12, 67, 1),  -- Patada de Triceps en Polea
('Espalda y Triceps', 1.30, 'Viernes', 4, 12, 72, 1),  -- Remo Cerrado en Maquina
('Espalda y Triceps', 1.15, 'Viernes', 4, 10, 61, 1),  -- Jalon al Pecho
-- Espalda y Triceps - Sábado
('Espalda y Triceps', 2.00, 'Sábado', 4, 15, 74, 1),  -- Remo con Barra en Banco
('Espalda y Triceps', 1.30, 'Sábado', 4, 12, 67, 1),  -- Patada de Triceps en Polea
('Espalda y Triceps', 1.30, 'Sábado', 4, 12, 72, 1),  -- Remo Cerrado en Maquina
('Espalda y Triceps', 1.15, 'Sábado', 4, 10, 61, 1),  -- Jalon al Pecho

-- Piernas y Abdomen - Lunes
('Piernas y Abdomen', 2.00, 'Lunes', 4, 12, 84, 1),  -- Sentadilla con Barra
('Piernas y Abdomen', 2.00, 'Lunes', 4, 10, 94, 1),  -- Prensa de Pierna Horizontal
('Piernas y Abdomen', 1.45, 'Lunes', 3, 15, 83, 1),  -- Rueda Abdominal
('Piernas y Abdomen', 1.30, 'Lunes', 4, 10, 49, 1),  -- Extensión de Cadera en Maquina
-- Piernas y Abdomen - Martes
('Piernas y Abdomen', 2.00, 'Martes', 3, 12, 36, 1),  -- Elevaciones Burro para Gemelo
('Piernas y Abdomen', 1.15, 'Martes', 4, 15, 92, 1),  -- Plancha Abdominal
('Piernas y Abdomen', 1.30, 'Martes', 4, 10, 58, 1),  -- Hip Thrust
('Piernas y Abdomen', 1.30, 'Martes', 4, 10, 83, 1),  -- Rueda Abdominal
-- Piernas y Abdomen - Miércoles
('Piernas y Abdomen', 2.00, 'Miércoles', 4, 10, 84, 1), -- Sentadilla con Barra
('Piernas y Abdomen', 1.45, 'Miércoles', 3, 15, 94, 1), -- Prensa de Pierna Horizontal
('Piernas y Abdomen', 1.30, 'Miércoles', 4, 12, 83, 1), -- Rueda Abdominal
('Piernas y Abdomen', 1.15, 'Miércoles', 4, 15, 49, 1), -- Extensión de Cadera en Maquina
-- Piernas y Abdomen - Jueves
('Piernas y Abdomen', 1.30, 'Martes', 4, 10, 58, 1),  -- Hip Thrust
('Piernas y Abdomen', 1.30, 'Martes', 4, 10, 83, 1),  -- Rueda Abdominal
('Piernas y Abdomen', 2.00, 'Sábado', 3, 12, 36, 1),  -- Elevaciones Burro para Gemelo
('Piernas y Abdomen', 1.15, 'Sábado', 4, 15, 92, 1),  -- Plancha Abdominal
-- Piernas y Abdomen - Viernes
('Piernas y Abdomen', 2.00, 'Viernes', 4, 12, 84, 1),  -- Sentadilla con Barra
('Piernas y Abdomen', 2.00, 'Viernes', 4, 10, 94, 1),  -- Prensa de Pierna Horizontal
('Piernas y Abdomen', 1.45, 'Viernes', 3, 15, 83, 1),  -- Rueda Abdominal
('Piernas y Abdomen', 1.30, 'Viernes', 4, 10, 49, 1),  -- Extensión de Cadera en Maquina
-- Piernas y Abdomen - Sábado
('Piernas y Abdomen', 2.00, 'Sábado', 3, 12, 36, 1),  -- Elevaciones Burro para Gemelo
('Piernas y Abdomen', 1.15, 'Sábado', 4, 15, 92, 1),  -- Plancha Abdominal
('Piernas y Abdomen', 1.30, 'Sábado', 4, 10, 58, 1),  -- Hip Thrust
('Piernas y Abdomen', 1.30, 'Sábado', 4, 10, 83, 1);  -- Rueda Abdominal
